Date,ypred,ytest
20080101,1.36E+07,12000000
20080102,1.09E+07,12000000
20080103,1.17E+07,9000000
20080104,8708018.72,9000000
20080105,1.08E+07,9000000
20080106,1.24E+07,11000000
20080107,1.08E+07,9000000
20080108,1.20E+07,11000000
20080109,1.32E+07,12000000
20080110,1.36E+07,13000000
20080111,1.30E+07,12000000
20080112,9006227.46,11000000
20080113,1.34E+07,13000000
20080114,1.39E+07,13000000
20080115,1.30E+07,13000000
20080116,3621984.762,1000000
20080117,1.31E+07,13000000
20080118,1.25E+07,13000000
20080119,1.48E+07,14000000
20080120,1.33E+07,14000000
20080121,4088949.155,3000000
20080122,8059125.915,8000000
20080123,1.26E+07,12000000
20080124,1.09E+07,12000000
20080125,1.05E+07,9000000
20080126,1.34E+07,12000000
20080127,1.22E+07,13000000
20080128,8595372.125,7000000
20080129,1.25E+07,14000000
20080130,1.59E+07,15000000
20080131,4364699.208,3000000
20080201,1.64E+07,15000000
20080202,1.57E+07,15000000
20080203,1.47E+07,15000000
20080204,1.53E+07,15000000
20080205,9213035.34,2000000
20080206,1.59E+07,16000000
20080207,1.53E+07,14000000
20080208,1.50E+07,16000000
20080209,1.58E+07,17000000
20080210,1.45E+07,16000000
20080211,3765329.79,3000000
20080212,1.66E+07,11435617.65
20080213,1.69E+07,17000000
20080214,1.59E+07,16000000
20080215,6386563.425,2000000
20080216,2221079.484,1000000
20080217,1.43E+07,11000000
20080218,1.75E+07,18000000
20080219,1.78E+07,17000000
20080220,4487150.68,4000000
20080221,2660477.995,3000000
20080222,1.58E+07,18000000
20080223,5876176.375,7000000
20080224,1.70E+07,16000000
20080225,1.71E+07,16000000
20080226,2.11E+07,20000000
20080227,2.10E+07,13362838.89
20080228,1.86E+07,16000000
20080229,1.63E+07,17000000
20080301,2.06E+07,19000000
20080302,7167516.815,7000000
20080303,3710410.14,7000000
20080304,2.35E+07,21000000
20080305,2.08E+07,19000000
20080306,5222086.45,7000000
20080307,1.55E+07,20000000
20080308,2.33E+07,18000000
20080309,2.19E+07,20000000
20080310,2.26E+07,21000000
20080311,2.28E+07,21000000
20080312,2.31E+07,21000000
20080313,2.03E+07,17000000
20080314,1.94E+07,20000000
20080315,2.08E+07,16000000
20080316,1.71E+07,21000000
20080317,4697030.18,9000000
20080318,3963274.008,3000000
20080319,2.08E+07,23000000
20080320,2.35E+07,24000000
20080321,2.38E+07,23000000
20080322,2.05E+07,19000000
20080323,1.85E+07,20000000
20080324,2.39E+07,24000000
20080325,2.50E+07,23000000
20080326,1.96E+07,15735805.56
20080327,2.11E+07,24000000
20080328,2.01E+07,5000000
20080329,1.50E+07,8000000
20080330,1.27E+07,17000000
20080331,1.40E+07,17000000
20080401,2.77E+07,25000000
20080402,8457264.22,5000000
20080403,9532440.22,16000000
20080404,2.51E+07,20000000
20080405,2.62E+07,25000000
20080406,2.41E+07,25000000
20080407,1.52E+07,16000000
20080408,1.95E+07,24000000
20080409,3340903.192,1000000
20080410,1.93E+07,23000000
20080411,2.69E+07,26000000
20080412,2.89E+07,24000000
20080413,2.93E+07,27000000
20080414,2.83E+07,27000000
20080415,2.70E+07,27000000
20080416,2.46E+07,24000000
20080417,1.14E+07,13000000
20080418,2.30E+07,27000000
20080419,2.82E+07,28000000
20080420,2.23E+07,18000000
20080421,2.56E+07,26000000
20080422,2.33E+07,13000000
20080423,8822586.44,7000000
20080424,2.10E+07,19349538.89
20080425,2.62E+07,19556355.56
20080426,2.90E+07,28000000
20080427,2.39E+07,25000000
20080428,2.96E+07,28000000
20080429,2.87E+07,28000000
20080430,2.78E+07,26000000
20080501,2.29E+07,26000000
20080502,2.77E+07,29000000
20080503,2.91E+07,30000000
20080504,2.94E+07,28000000
20080505,1.40E+07,20000000
20080506,1.46E+07,18000000
20080507,1.10E+07,5000000
20080508,2.73E+07,23000000
20080509,2.92E+07,28000000
20080510,2.49E+07,26000000
20080511,3.14E+07,30000000
20080512,2.84E+07,28000000
20080513,2.21E+07,22000000
20080514,1.01E+07,14000000
20080515,2.24E+07,21000000
20080516,2.89E+07,30000000
20080517,3.04E+07,28000000
20080518,3.16E+07,30000000
20080519,3.08E+07,30000000
20080520,2.67E+07,24000000
20080521,2.53E+07,24000000
20080522,1.71E+07,23000000
20080523,1.99E+07,23000000
20080524,2.35E+07,26000000
20080525,1.97E+07,26000000
20080526,2.10E+07,27000000
20080527,1.33E+07,13000000
20080528,1.94E+07,27000000
20080529,2.93E+07,23000000
20080530,3.14E+07,22958155.56
20080531,2.73E+07,29000000
20080601,2.76E+07,25000000
20080602,3.04E+07,29000000
20080603,2.88E+07,30000000
20080604,2.63E+07,29000000
20080605,2.34E+07,26000000
20080606,2.31E+07,23000000
20080607,2.39E+07,23000000
20080608,2.62E+07,24000000
20080609,1.01E+07,5000000
20080610,2.20E+07,21000000
20080611,3.03E+07,27000000
20080612,2.76E+07,29000000
20080613,2.40E+07,27000000
20080614,2.80E+07,29000000
20080615,2.95E+07,26000000
20080616,2.41E+07,23000000
20080617,2.20E+07,6000000
20080618,3.06E+07,28000000
20080619,2.37E+07,24000000
20080620,2.70E+07,30000000
20080621,2.78E+07,27000000
20080622,3.12E+07,30000000
20080623,3.12E+07,25000000
20080624,2.90E+07,19000000
20080625,2.59E+07,26000000
20080626,2.87E+07,29000000
20080627,2.87E+07,26000000
20080628,2.65E+07,12000000
20080629,2.54E+07,26000000
20080630,2.98E+07,29000000
20080701,3.01E+07,28000000
20080702,2.90E+07,28000000
20080703,2.68E+07,19000000
20080704,2.75E+07,27000000
20080705,2.84E+07,28000000
20080706,2.93E+07,29000000
20080707,2.97E+07,27000000
20080708,2.03E+07,20000000
20080709,1.59E+07,14000000
20080710,2.14E+07,20000000
20080711,2.56E+07,25000000
20080712,2.23E+07,25000000
20080713,2.26E+07,6000000
20080714,2.47E+07,26000000
20080715,2.30E+07,14000000
20080716,2.26E+07,26000000
20080717,2.70E+07,22000000
20080718,2.78E+07,26000000
20080719,3.03E+07,28000000
20080720,3.03E+07,28000000
20080721,3.00E+07,27000000
20080722,2.95E+07,26268488.89
20080723,2.84E+07,27000000
20080724,2.63E+07,26000000
20080725,2.84E+07,25231472.22
20080726,3.03E+07,28000000
20080727,2.60E+07,23000000
20080728,2.36E+07,23000000
20080729,2.07E+07,16000000
20080730,2.53E+07,23000000
20080731,2.76E+07,23000000
20080801,2.96E+07,27000000
20080802,2.94E+07,27000000
20080803,2.88E+07,28000000
20080804,2.86E+07,27000000
20080805,2.94E+07,25000000
20080806,2.62E+07,22000000
20080807,1.70E+07,17000000
20080808,2.03E+07,20000000
20080809,2.31E+07,25000000
20080810,2.26E+07,16000000
20080811,1.39E+07,8000000
20080812,2.19E+07,23000000
20080813,2.71E+07,25000000
20080814,2.40E+07,23000000
20080815,1.92E+07,22000000
20080816,1.30E+07,9000000
20080817,1.44E+07,15000000
20080818,1.35E+07,3000000
20080819,1.24E+07,3000000
20080820,1.57E+07,14000000
20080821,2.56E+07,20000000
20080822,2.58E+07,25000000
20080823,2.59E+07,23000000
20080824,2.37E+07,23000000
20080825,2.25E+07,25000000
20080826,2.45E+07,23000000
20080827,2.46E+07,23000000
20080828,2.48E+07,23000000
20080829,1.86E+07,23000000
20080830,1.68E+07,21000000
20080831,1.91E+07,21000000
20080901,2.42E+07,23000000
20080902,1.84E+07,22000000
20080903,1.58E+07,5000000
20080904,2.30E+07,23000000
20080905,2.36E+07,23000000
20080906,2.40E+07,21000000
20080907,2.16E+07,24000000
20080908,1.61E+07,9000000
20080909,2.05E+07,4000000
20080910,1.32E+07,3000000
20080911,1.08E+07,9000000
20080912,1.78E+07,20000000
20080913,1.21E+07,6000000
20080914,2.38E+07,23000000
20080915,2.42E+07,24000000
20080916,2.37E+07,24000000
20080917,2.35E+07,23000000
20080918,2.30E+07,17000000
20080919,2.24E+07,19679376.47
20080920,2.34E+07,21000000
20080921,2.10E+07,20000000
20080922,2.22E+07,20000000
20080923,2.08E+07,20000000
20080924,2.16E+07,20000000
20080925,2.18E+07,16000000
20080926,2.34E+07,19057352.94
20080927,2.35E+07,20000000
20080928,2.31E+07,20000000
20080929,2.31E+07,20000000
20080930,1.94E+07,21000000
20081001,1.96E+07,21000000
20081002,2.15E+07,20000000
20081003,1.97E+07,14000000
20081004,1.90E+07,19000000
20081005,1.73E+07,18000000
20081006,7814587.14,11000000
20081007,1.68E+07,20000000
20081008,1.92E+07,19000000
20081009,1.91E+07,19000000
20081010,1.71E+07,13075411.11
20081011,1.38E+07,17000000
20081012,1.36E+07,15000000
20081013,7462444.655,6000000
20081014,5554817.125,9000000
20081015,1.29E+07,5000000
20081016,1.74E+07,19000000
20081017,1.82E+07,18000000
20081018,1.89E+07,18000000
20081019,1.90E+07,18000000
20081020,1.75E+07,17000000
20081021,1.25E+07,13000000
20081022,4235057.878,6000000
20081023,1.49E+07,12000000
20081024,1.86E+07,17000000
20081025,1.79E+07,17000000
20081026,1.77E+07,16000000
20081027,1.80E+07,17000000
20081028,1.58E+07,16000000
20081029,1.61E+07,16000000
20081030,1.38E+07,16000000
20081031,1.27E+07,15000000
20081101,1.47E+07,16000000
20081102,1.44E+07,15000000
20081103,1.34E+07,14000000
20081104,1.15E+07,14000000
20081105,1.06E+07,8000000
20081106,1.68E+07,15000000
20081107,1.71E+07,15000000
20081108,1.60E+07,15000000
20081109,1.42E+07,15000000
20081110,2752542.338,4000000
20081111,1.19E+07,15000000
20081112,1.31E+07,14000000
20081113,1.37E+07,9546750
20081114,1.21E+07,11000000
20081115,1.46E+07,15000000
20081116,1.54E+07,14000000
20081117,1.42E+07,14000000
20081118,1.41E+07,14000000
20081119,1.41E+07,14000000
20081120,9860336.2,13000000
20081121,1.50E+07,14000000
20081122,1.30E+07,13000000
20081123,6434803.555,8000000
20081124,1.39E+07,13000000
20081125,1.39E+07,13000000
20081126,1.24E+07,12000000
20081127,9441385.98,10000000
20081128,7297871.005,10000000
20081129,5934965.525,10000000
20081130,7735311.985,9000000
20081201,1.38E+07,12000000
20081202,1.23E+07,12000000
20081203,1.12E+07,10000000
20081204,1.25E+07,6000000
20081205,1.27E+07,12000000
20081206,1.28E+07,10000000
20081207,1.24E+07,12000000
20081208,7141038.535,9000000
20081209,3853520.6,1000000
20081210,1.28E+07,13000000
20081211,1.31E+07,12000000
20081212,1.13E+07,12000000
20081213,8824926.67,10000000
20081214,9354205.6,10000000
20081215,8026933.31,7000000
20081216,6413275.51,4000000
20081217,6905817.08,4000000
20081218,3214088.232,1000000
20081219,1.12E+07,11000000
20081220,1.04E+07,7000000
20081221,1.24E+07,7000000
20081222,7950745.035,5000000
20081223,3647001.57,2000000
20081224,9977589.68,11000000
20081225,9620021.72,11000000
20081226,5991662.42,5000000
20081227,8919671.65,11000000
20081228,1.34E+07,12000000
20081229,1.35E+07,12000000
20081230,1.34E+07,12000000
20081231,1.32E+07,12000000
20090101,1.29E+07,12000000
20090102,1.29E+07,7000000
20090103,1.22E+07,12000000
20090104,9457849.34,9000000
20090105,8913044.45,6000000
20090106,1.12E+07,8000000
20090107,1.30E+07,13000000
20090108,1.36E+07,12000000
20090109,1.32E+07,12000000
20090110,1.36E+07,13000000
20090111,1.38E+07,13000000
20090112,7762149.965,6000000
20090113,1.38E+07,14000000
20090114,1.22E+07,13000000
20090115,1.00E+07,14000000
20090116,1.24E+07,11000000
20090117,1.32E+07,13000000
20090118,1.41E+07,12000000
20090119,1.41E+07,14000000
20090120,1.46E+07,14000000
20090121,1.50E+07,15000000
20090122,1.33E+07,14000000
20090123,9455383.76,11000000
20090124,1.25E+07,13000000
20090125,1.20E+07,13000000
20090126,1857058.506,1000000
20090127,1680856.409,1000000
20090128,1.54E+07,13000000
20090129,1.57E+07,13000000
20090130,1.80E+07,15000000
20090131,1.63E+07,15000000
20090201,1.50E+07,15000000
20090202,1.78E+07,15000000
20090203,1.59E+07,15000000
20090204,1.75E+07,16000000
20090205,1.57E+07,16000000
20090206,1.52E+07,14000000
20090207,1.51E+07,14000000
20090208,4538661.355,7000000
20090209,1.08E+07,16000000
20090210,8596126.405,8000000
20090211,1.63E+07,16000000
20090212,1.60E+07,13000000
20090213,1.32E+07,14000000
20090214,1.22E+07,9000000
20090215,1.74E+07,17000000
20090216,1.37E+07,15000000
20090217,1.51E+07,15000000
20090218,1.75E+07,18000000
20090219,1.88E+07,18000000
20090220,1.98E+07,18000000
20090221,1.77E+07,20000000
20090222,1.88E+07,19000000
20090223,1.67E+07,17000000
20090224,1.65E+07,19000000
20090225,1.55E+07,14000000
20090226,1.95E+07,16000000
20090227,1.60E+07,11000000
20090228,1.83E+07,21000000
20090301,1.83E+07,21000000
20090302,1.89E+07,17000000
20090303,2.09E+07,18000000
20090304,2.14E+07,15000000
20090305,2.05E+07,16000000
20090306,2.13E+07,17000000
20090307,1.36E+07,11000000
20090308,2.05E+07,21000000
20090309,1.07E+07,14000000
20090310,1.76E+07,10000000
20090311,9502035.76,15000000
20090312,9531193.26,5000000
20090313,8926784.445,3000000
20090314,1.87E+07,19000000
20090315,2.26E+07,22000000
20090316,2.41E+07,22000000
20090317,2.32E+07,22000000
20090318,2.19E+07,22000000
20090319,9398071.56,10000000
20090320,1.64E+07,17721288.89
20090321,1.88E+07,11000000
20090322,1.26E+07,11000000
20090323,1.23E+07,13000000
20090324,1.87E+07,24000000
20090325,1.26E+07,17000000
20090326,1.05E+07,6000000
20090327,3192712.678,3000000
20090328,1.11E+07,7000000
20090329,2.41E+07,24000000
20090330,2.10E+07,22000000
20090331,2.73E+07,26000000
20090401,2.54E+07,22000000
20090402,1.48E+07,15000000
20090403,2.50E+07,26000000
20090404,2.46E+07,25000000
20090405,1.92E+07,26000000
20090406,2.56E+07,28000000
20090407,2.86E+07,27000000
20090408,2.73E+07,25000000
20090409,2.49E+07,23000000
20090410,2.07E+07,26000000
20090411,2.10E+07,25000000
20090412,6424626.77,5000000
20090413,2.68E+07,19000000
20090414,2.74E+07,26000000
20090415,2.49E+07,14000000
20090416,1.78E+07,13000000
20090417,6050544.765,10000000
20090418,1.60E+07,17000000
20090419,2.36E+07,12000000
20090420,2.99E+07,22000000
20090421,2.91E+07,27000000
20090422,2.88E+07,28000000
20090423,2.08E+07,17842144.44
20090424,2.25E+07,24000000
20090425,1.40E+07,19000000
20090426,1.10E+07,10000000
20090427,1.10E+07,17000000
20090428,1.80E+07,13000000
20090429,9203816.12,1000000
20090430,1.63E+07,19000000
20090501,1.38E+07,11000000
20090502,5800855.74,4000000
20090503,1.15E+07,5000000
20090504,1.89E+07,7000000
20090505,1.13E+07,2000000
20090506,2.35E+07,23000000
20090507,1.80E+07,10000000
20090508,2.06E+07,23000000
20090509,1.45E+07,12000000
20090510,1.22E+07,4000000
20090511,1.15E+07,5000000
20090512,1.53E+07,21293116.67
20090513,2.38E+07,29000000
20090514,2.05E+07,14000000
20090515,2.02E+07,27000000
20090516,1.28E+07,15000000
20090517,3.10E+07,31000000
20090518,3.02E+07,31000000
20090519,3.07E+07,31000000
20090520,3.14E+07,30000000
20090521,2.71E+07,31000000
20090522,2.19E+07,27000000
20090523,1.83E+07,20000000
20090524,1.82E+07,25000000
20090525,1.78E+07,23000000
20090526,2.09E+07,27000000
20090527,2.77E+07,25000000
20090528,2.99E+07,31000000
20090529,3.08E+07,31000000
20090530,3.16E+07,31000000
20090531,2.95E+07,30000000
20090601,2.34E+07,26000000
20090602,2.18E+07,18000000
20090603,2.37E+07,9000000
20090604,2.74E+07,30000000
20090605,2.83E+07,23251694.44
20090606,2.73E+07,23187177.78
20090607,2.46E+07,24495183.33
20090608,2.82E+07,24144761.11
20090609,2.20E+07,20661194.44
20090610,1.30E+07,19491144.44
20090611,2.61E+07,25000000
20090612,2.46E+07,26000000
20090613,2.69E+07,22000000
20090614,2.41E+07,22000000
20090615,2.35E+07,27000000
20090616,2.94E+07,28000000
20090617,2.81E+07,27000000
20090618,2.86E+07,28000000
20090619,1.87E+07,19000000
20090620,2.04E+07,27000000
20090621,2.64E+07,26000000
20090622,2.83E+07,28000000
20090623,3.17E+07,29000000
20090624,3.09E+07,28000000
20090625,3.13E+07,29000000
20090626,2.99E+07,29000000
20090627,3.04E+07,28000000
20090628,2.55E+07,20000000
20090629,1.82E+07,19000000
20090630,2.60E+07,27000000
20090701,3.04E+07,29000000
20090702,2.89E+07,28000000
20090703,2.98E+07,27000000
20090704,2.14E+07,19000000
20090705,1.52E+07,21000000
20090706,2.68E+07,27000000
20090707,2.58E+07,26271511.11
20090708,3.06E+07,29000000
20090709,3.04E+07,29000000
20090710,2.99E+07,30000000
20090711,2.93E+07,28000000
20090712,2.90E+07,29000000
20090713,2.87E+07,29000000
20090714,2.98E+07,29000000
20090715,2.92E+07,29000000
20090716,2.73E+07,16000000
20090717,2.71E+07,27000000
20090718,2.26E+07,23000000
20090719,2.85E+07,30000000
20090720,2.43E+07,25000000
20090721,2.69E+07,25000000
20090722,2.18E+07,27000000
20090723,2.84E+07,29000000
20090724,2.93E+07,28000000
20090725,2.67E+07,27000000
20090726,1.69E+07,12000000
20090727,1.12E+07,6000000
20090728,2.59E+07,25000000
20090729,1.08E+07,22000000
20090730,1.35E+07,22000000
20090731,2.40E+07,26000000
20090801,2.04E+07,26000000
20090802,2.69E+07,28000000
20090803,2.76E+07,27000000
20090804,2.77E+07,27000000
20090805,2.83E+07,27000000
20090806,2.61E+07,17000000
20090807,2.68E+07,27000000
20090808,2.81E+07,28000000
20090809,2.74E+07,27000000
20090810,2.68E+07,25000000
20090811,2.50E+07,22000000
20090812,2.60E+07,26000000
20090813,2.63E+07,24000000
20090814,2.35E+07,25000000
20090815,2.19E+07,21000000
20090816,2.57E+07,26000000
20090817,2.50E+07,25000000
20090818,2.40E+07,20000000
20090819,2.57E+07,21058280.44
20090820,2.07E+07,18000000
20090821,2.74E+07,22528536
20090822,2.60E+07,21987991.56
20090823,2.66E+07,25000000
20090824,2.69E+07,25000000
20090825,2.62E+07,21581291.56
20090826,2.56E+07,22245602.67
20090827,2.12E+07,20366374.89
20090828,2.58E+07,21350980.44
20090829,2.66E+07,21506650
20090830,2.45E+07,21555894.44
20090831,2.48E+07,20036105.56
20090901,2.24E+07,21000000
20090902,2.35E+07,23000000
20090903,1.99E+07,19319244.44
20090904,2.04E+07,18629122.22
20090905,1.83E+07,19440105.56
20090906,2.11E+07,22287483.33
20090907,2.17E+07,21063711.76
20090908,1.89E+07,18000000
20090909,1.91E+07,19000000
20090910,1.36E+07,20267638.89
20090911,1.03E+07,18775355.56
20090912,8829020.71,18367255.56
20090913,7969783.52,17597972.22
20090914,1.49E+07,17010988.89
20090915,1.61E+07,15767622.22
20090916,1.07E+07,8000000
20090917,8757674.76,17069261.11
20090918,1.72E+07,11000000
20090919,2.13E+07,19679376.47
20090920,2.12E+07,19678738.89
20090921,1.17E+07,17000000
20090922,1.68E+07,15000000
20090923,2.27E+07,17478211.76
20090924,1.14E+07,16354266.67
20090925,2.20E+07,17012905.56
20090926,2.25E+07,19057352.94
20090927,2.33E+07,18183794.44
20090928,2.25E+07,17854644.44
20090929,2.02E+07,18702672.22
20090930,1.64E+07,18296733.33
20091001,1.68E+07,18296383.33
20091002,2.23E+07,22000000
20091003,1.54E+07,13000000
20091004,7776007.68,2000000
20091005,9932359.04,2000000
20091006,9087703.325,9000000
20091007,9031355.23,6000000
20091008,5247404.425,7000000
20091009,1.45E+07,8000000
20091010,1.38E+07,11000000
20091011,7883593.405,5000000
20091012,9260605.12,5000000
20091013,5404309.925,4000000
20091014,7456636.045,4000000
20091015,1.19E+07,12000000
20091016,1.88E+07,15000000
20091017,1.78E+07,19000000
20091018,1.79E+07,18000000
20091019,1.81E+07,17000000
20091020,1.70E+07,17000000
20091021,4251461.07,2000000
20091022,1.47E+07,5000000
20091023,1.78E+07,18000000
20091024,1.77E+07,15000000
20091025,8600878.805,8000000
20091026,1.33E+07,12000000
20091027,1.55E+07,17000000
20091028,9864595.92,6000000
20091029,6128692.86,3000000
20091030,1.40E+07,16000000
20091031,1.42E+07,16000000
20091101,1.57E+07,16000000
20091102,1.50E+07,16000000
20091103,1.42E+07,16000000
20091104,1.46E+07,15000000
20091105,1.43E+07,15000000
20091106,1.61E+07,15000000
20091107,1.65E+07,15000000
20091108,1.35E+07,11000000
20091109,6840323.885,9000000
20091110,8737881.45,8000000
20091111,1.04E+07,6000000
20091112,5497628.095,12000000
20091113,1.17E+07,9000000
20091114,1.09E+07,8000000
20091115,4047330.012,3000000
20091116,1.10E+07,4000000
20091117,1.33E+07,12000000
20091118,1.41E+07,14000000
20091119,1.35E+07,13000000
20091120,4996092.935,5000000
20091121,7337851.115,3000000
20091122,7980992.535,4000000
20091123,1.36E+07,11000000
20091124,1.35E+07,13000000
20091125,1.40E+07,13000000
20091126,1.42E+07,13000000
20091127,1.32E+07,12000000
20091128,1.30E+07,12000000
20091129,2717892.11,2000000
20091130,1.24E+07,13000000
20091201,5465918.36,7000000
20091202,6626605.405,5000000
20091203,1.23E+07,8000000
20091204,1.23E+07,12000000
20091205,1.31E+07,12000000
20091206,7647455.805,10000000
20091207,8147534.725,5000000
20091208,2489555.422,2000000
20091209,1.21E+07,12000000
20091210,1.19E+07,12000000
20091211,1.06E+07,4000000
20091212,4549046.112,3000000
20091213,1.08E+07,11000000
20091214,1.03E+07,10000000
20091215,1.20E+07,12000000
20091216,1.26E+07,12000000
20091217,1.16E+07,11000000
20091218,1.23E+07,12000000
20091219,1.26E+07,12000000
20091220,1.31E+07,12000000
20091221,1.21E+07,11000000
20091222,4308414.66,6000000
20091223,5921229.89,3000000
20091224,2025715.078,0
20091225,1.37E+07,12000000
20091226,1.23E+07,12000000
20091227,1.30E+07,11000000
20091228,1.35E+07,12000000
20091229,4652797.435,3000000
20091230,7930135.86,9000000
20091231,3493286.282,3000000
20100101,1.28E+07,12000000
20100102,1.08E+07,11000000
20100103,7299730,4000000
20100104,1.22E+07,10000000
20100105,1.15E+07,7000000
20100106,1.07E+07,8000000
20100107,1.33E+07,13000000
20100108,1.36E+07,13000000
20100109,1.37E+07,13000000
20100110,1.36E+07,13000000
20100111,1.34E+07,13000000
20100112,9034537.485,13000000
20100113,1.07E+07,9000000
20100114,4322224.088,5000000
20100115,5461816.145,3000000
20100116,5631207.595,2000000
20100117,1.19E+07,9000000
20100118,1.01E+07,13000000
20100119,1.14E+07,6000000
20100120,1.11E+07,7000000
20100121,9271110.54,13000000
20100122,1.05E+07,13000000
20100123,3925647.862,4000000
20100124,1.04E+07,12000000
20100125,1.53E+07,14000000
20100126,1.36E+07,14000000
20100127,6127985.995,9000000
20100128,1996153.624,0
20100129,2864009.335,4000000
20100130,1.41E+07,7000000
20100131,9481360.64,4000000
20100201,8496498.77,3000000
20100202,1.53E+07,5000000
20100203,4751856.635,4000000
20100204,4402329.932,2000000
20100205,1.42E+07,15000000
20100206,1.38E+07,3000000
20100207,6373465.985,2000000
20100208,2445992.7,3000000
20100209,1.55E+07,17000000
20100210,1.20E+07,7000000
20100211,3586145.235,3000000
20100212,1.48E+07,11435617.65
20100213,1.31E+07,11665633.33
20100214,6291342.66,8000000
20100215,1.81E+07,18000000
20100216,1.85E+07,18000000
20100217,1.93E+07,18000000
20100218,1.68E+07,11900933.33
20100219,7821205.62,8000000
20100220,4430650.748,2000000
20100221,4773551.45,3000000
20100222,1.28E+07,6000000
20100223,1.30E+07,16000000
20100224,1.81E+07,19000000
20100225,1.18E+07,11000000
20100226,1.14E+07,4000000
20100227,2.01E+07,20000000
20100228,1.53E+07,13000000
20100301,5844777.29,6000000
20100302,1.85E+07,13000000
20100303,1.91E+07,19000000
20100304,2.06E+07,20000000
20100305,1.51E+07,17000000
20100306,1.11E+07,10000000
20100307,7416782.92,3000000
20100308,3898688.238,3000000
20100309,2.03E+07,20000000
20100310,2.06E+07,15000000
20100311,1.09E+07,18000000
20100312,1.95E+07,18000000
20100313,2.24E+07,22000000
20100314,1.98E+07,15000000
20100315,9378848.32,6000000
20100316,1.39E+07,11000000
20100317,2.29E+07,16000000
20100318,2.27E+07,23000000
20100319,1.50E+07,18000000
20100320,4726456.365,5000000
20100321,1.78E+07,17000000
20100322,2.13E+07,23000000
20100323,1.94E+07,22000000
20100324,5302028.685,11000000
20100325,1.66E+07,22000000
20100326,2.31E+07,24000000
20100327,1.08E+07,6000000
20100328,2.45E+07,23000000
20100329,2.50E+07,25000000
20100330,2.52E+07,23000000
20100331,2.51E+07,25000000
20100401,2.49E+07,21000000
20100402,2.37E+07,22000000
20100403,2.69E+07,25000000
20100404,2.05E+07,23000000
20100405,1.69E+07,10000000
20100406,1.51E+07,19445288.89
20100407,2.27E+07,26000000
20100408,2.72E+07,27000000
20100409,2.68E+07,27000000
20100410,2.51E+07,25000000
20100411,1.38E+07,23000000
20100412,1.56E+07,18000000
20100413,2.56E+07,26000000
20100414,2.57E+07,26000000
20100415,1.59E+07,22000000
20100416,6920310.265,6000000
20100417,6796951.15,3000000
20100418,9023347.545,3000000
20100419,1.91E+07,10000000
20100420,2.42E+07,19717666.67
20100421,1.96E+07,21000000
20100422,1.25E+07,17000000
20100423,2.26E+07,28000000
20100424,1.90E+07,25000000
20100425,2.75E+07,28000000
20100426,2.80E+07,19000000
20100427,3.00E+07,29000000
20100428,2.84E+07,26000000
20100429,2.22E+07,28000000
20100430,2.54E+07,26000000
20100501,1.21E+07,11000000
20100502,2.35E+07,29000000
20100503,1.93E+07,14000000
20100504,2.78E+07,30000000
20100505,2.79E+07,29000000
20100506,2.83E+07,29000000
20100507,2.07E+07,28000000
20100508,2.74E+07,26000000
20100509,1.72E+07,7000000
20100510,1.35E+07,21000000
20100511,2.44E+07,17000000
20100512,2.10E+07,8000000
20100513,1.35E+07,6000000
20100514,9132894.725,3000000
20100515,1.34E+07,10000000
20100516,1.89E+07,23000000
20100517,2.67E+07,24000000
20100518,1.70E+07,26000000
20100519,1.54E+07,18000000
20100520,2.75E+07,30000000
20100521,2.53E+07,26000000
20100522,1.99E+07,22000000
20100523,2.33E+07,23000000
20100524,2.26E+07,24000000
20100525,1.58E+07,25000000
20100526,2.05E+07,27000000
20100527,2.12E+07,28000000
20100528,2.74E+07,25000000
20100529,2.82E+07,27000000
20100530,2.49E+07,28000000
20100531,2.01E+07,28000000
20100601,2.88E+07,29000000
20100602,2.76E+07,25000000
20100603,2.52E+07,27000000
20100604,2.75E+07,30000000
20100605,2.86E+07,30000000
20100606,2.56E+07,21000000
20100607,2.39E+07,20000000
20100608,2.72E+07,26000000
20100609,2.20E+07,26000000
20100610,1.88E+07,16000000
20100611,2.65E+07,23000000
20100612,2.27E+07,19000000
20100613,1.97E+07,20000000
20100614,1.52E+07,8000000
20100615,2.01E+07,24000000
20100616,2.50E+07,28000000
20100617,2.33E+07,29000000
20100618,2.71E+07,28000000
20100619,2.90E+07,29000000
20100620,2.88E+07,30000000
20100621,2.85E+07,25000000
20100622,2.94E+07,30000000
20100623,3.14E+07,30000000
20100624,2.84E+07,29000000
20100625,2.92E+07,29000000
20100626,2.87E+07,30000000
20100627,2.28E+07,18000000
20100628,1.89E+07,21000000
20100629,1.76E+07,26000000
20100630,2.70E+07,29000000
20100701,2.00E+07,16000000
20100702,1.32E+07,15000000
20100703,1.25E+07,7000000
20100704,1.35E+07,7000000
20100705,1.62E+07,16000000
20100706,2.09E+07,24000000
20100707,1.97E+07,22000000
20100708,1.60E+07,14000000
20100709,1.68E+07,7000000
20100710,2.16E+07,20000000
20100711,2.68E+07,27000000
20100712,1.80E+07,13000000
20100713,2.85E+07,24665305.56
20100714,2.85E+07,24000000
20100715,2.75E+07,25000000
20100716,2.89E+07,27000000
20100717,3.11E+07,29000000
20100718,3.01E+07,29000000
20100719,3.03E+07,28000000
20100720,2.93E+07,28000000
20100721,3.06E+07,26000000
20100722,3.00E+07,28000000
20100723,2.75E+07,27000000
20100724,2.55E+07,26000000
20100725,2.81E+07,26000000
20100726,2.92E+07,28000000
20100727,2.45E+07,26000000
20100728,1.96E+07,23000000
20100729,2.80E+07,27000000
20100730,3.01E+07,27000000
20100731,2.83E+07,27000000
20100801,2.60E+07,28000000
20100802,2.95E+07,28000000
20100803,2.97E+07,28000000
20100804,2.79E+07,28000000
20100805,2.77E+07,27000000
20100806,2.29E+07,23000000
20100807,2.33E+07,27000000
20100808,2.55E+07,25000000
20100809,2.86E+07,26000000
20100810,2.86E+07,26000000
20100811,2.67E+07,26000000
20100812,2.75E+07,27000000
20100813,2.77E+07,26000000
20100814,1.92E+07,27000000
20100815,1.50E+07,23000000
20100816,2.11E+07,25000000
20100817,1.66E+07,13000000
20100818,2.49E+07,26000000
20100819,2.31E+07,25000000
20100820,2.52E+07,26000000
20100821,2.45E+07,23000000
20100822,2.48E+07,25000000
20100823,2.34E+07,24000000
20100824,1.58E+07,8000000
20100825,2.60E+07,26000000
20100826,2.80E+07,27000000
20100827,2.56E+07,25000000
20100828,2.68E+07,26000000
20100829,2.54E+07,24000000
20100830,2.04E+07,19000000
20100831,2.21E+07,18000000
20100901,1.77E+07,17000000
20100902,2.20E+07,24000000
20100903,2.78E+07,26000000
20100904,2.65E+07,26000000
20100905,2.60E+07,25000000
20100906,2.57E+07,25000000
20100907,1.30E+07,21063711.76
20100908,8244041.69,3000000
20100909,2.25E+07,21000000
20100910,1.84E+07,23000000
20100911,1.81E+07,20000000
20100912,1.99E+07,14000000
20100913,1.92E+07,16000000
20100914,1.53E+07,21000000
20100915,2.08E+07,22000000
20100916,2.05E+07,19000000
20100917,2.31E+07,14000000
20100918,2.13E+07,21000000
20100919,2.33E+07,21000000
20100920,2.33E+07,21000000
20100921,1.79E+07,19000000
20100922,1.73E+07,19000000
20100923,1.55E+07,17478211.76
20100924,1.69E+07,18000000
20100925,1.72E+07,15000000
20100926,2.17E+07,22000000
20100927,2.37E+07,22000000
20100928,2.24E+07,21000000
20100929,2.28E+07,21000000
20100930,2.24E+07,20000000
20101001,2.36E+07,21000000
20101002,2.07E+07,20000000
20101003,1.87E+07,12000000
20101004,1.92E+07,21000000
20101005,1.95E+07,20000000
20101006,1.88E+07,20000000
20101007,2.01E+07,20000000
20101008,2.15E+07,20000000
20101009,2.02E+07,19000000
20101010,1.22E+07,16000000
20101011,1.69E+07,18000000
20101012,1.70E+07,18000000
20101013,1.99E+07,19000000
20101014,1.99E+07,19000000
20101015,1.98E+07,19000000
20101016,1.95E+07,15000000
20101017,1.78E+07,17000000
20101018,1.78E+07,13000000
20101019,1.59E+07,15000000
20101020,1.82E+07,18000000
20101021,1.56E+07,13000000
20101022,6992793.63,3000000
20101023,6697411.26,2000000
20101024,1.79E+07,15000000
20101025,1.65E+07,11000000
20101026,1.91E+07,18000000
20101027,1.78E+07,15000000
20101028,1.85E+07,18000000
20101029,1.83E+07,17000000
20101030,1.71E+07,17000000
20101031,1.60E+07,16000000
20101101,1.42E+07,10000000
20101102,9862062.76,14000000
20101103,1.31E+07,16000000
20101104,1.50E+07,16000000
20101105,1.78E+07,16000000
20101106,1.70E+07,16000000
20101107,1.69E+07,16000000
20101108,1.65E+07,15000000
20101109,1.41E+07,10730833.33
20101110,1.42E+07,15000000
20101111,4486517.172,10000000
20101112,2409360.525,2000000
20101113,1.47E+07,15000000
20101114,1.39E+07,14000000
20101115,2908239.028,4000000
20101116,1.52E+07,14000000
20101117,9074461.46,7000000
20101118,1.43E+07,14000000
20101119,1.45E+07,14000000
20101120,1.29E+07,13000000
20101121,8227923.86,8000000
20101122,1.09E+07,13000000
20101123,1.13E+07,13000000
20101124,5613981.235,7000000
20101125,8890751.225,7000000
20101126,1.49E+07,14000000
20101127,1.40E+07,13000000
20101128,1.29E+07,13000000
20101129,1.10E+07,13000000
20101130,1.41E+07,13000000
20101201,1.40E+07,13000000
20101202,1.31E+07,13000000
20101203,1.27E+07,11000000
20101204,1.17E+07,12000000
20101205,1.26E+07,11000000
20101206,1.27E+07,12000000
20101207,7809846.73,7000000
20101208,1.25E+07,12000000
20101209,1.28E+07,11000000
20101210,1.00E+07,4000000
20101211,1.14E+07,9000000
20101212,1.32E+07,13000000
20101213,1.21E+07,12000000
20101214,1.25E+07,12000000
20101215,1.06E+07,11000000
20101216,1.12E+07,11000000
20101217,4459459.23,2000000
20101218,1.20E+07,7000000
20101219,1.14E+07,11000000
20101220,1.03E+07,10000000
20101221,1.22E+07,12000000
20101222,9932474.58,11000000
20101223,5547321.74,2000000
20101224,4351975.638,2000000
20101225,1.28E+07,6000000
20101226,1.25E+07,12000000
20101227,1.23E+07,11000000
20101228,8394706.395,4000000
20101229,6859190.695,9000000
20101230,9516225.38,11000000
20101231,1.11E+07,6000000
20110101,1.21E+07,13000000
20110102,1.42E+07,13000000
20110103,1.18E+07,11000000
20110104,8954951.135,12000000
20110105,1.27E+07,13000000
20110106,1.31E+07,13000000
20110107,1.22E+07,10000000
20110108,1.13E+07,13000000
20110109,7427984.85,1000000
20110110,4157455.11,2000000
20110111,1.46E+07,13000000
20110112,9797759.3,11000000
20110113,1.32E+07,12000000
20110114,1.21E+07,13000000
20110115,1.06E+07,10000000
20110116,7182605.685,13000000
20110117,8472526.945,9000000
20110118,6600217.595,11000000
20110119,7659960.83,13000000
20110120,9606080.62,11000000
20110121,1.23E+07,11000000
20110122,1.31E+07,11000000
20110123,1.38E+07,10000000
20110124,1.15E+07,13000000
20110125,1.33E+07,14000000
20110126,1.35E+07,14000000
20110127,1.37E+07,15000000
20110128,1.41E+07,15000000
20110129,1.34E+07,15000000
20110130,1.13E+07,4000000
20110131,6593007.245,13000000
20110201,3989635.44,11271544.44
20110202,1.67E+07,12822638.89
20110203,1.64E+07,12165494.44
20110204,1.40E+07,12286250
20110205,9796266,10997683.33
20110206,4486763.73,11004655.56
20110207,1.45E+07,11357616.67
20110208,4248459.755,9811533.333
20110209,6252929.425,10589311.11
20110210,1.56E+07,18000000
20110211,1.61E+07,18000000
20110212,1.55E+07,18000000
20110213,1.69E+07,18000000
20110214,1.56E+07,14000000
20110215,1.58E+07,17000000
20110216,1.75E+07,17000000
20110217,1.54E+07,16000000
20110218,1.32E+07,17000000
20110219,8543968.815,14000000
20110220,1.57E+07,12000000
20110221,1.47E+07,16000000
20110222,1.71E+07,16000000
20110223,6593806.76,11000000
20110224,1.07E+07,13000000
20110225,1.41E+07,7000000
20110226,1.86E+07,17000000
20110227,1.30E+07,12000000
20110228,2.05E+07,20000000
20110301,1.96E+07,21000000
20110302,1.89E+07,20000000
20110303,2.12E+07,15820377.78
20110304,1.93E+07,15000000
20110305,2.26E+07,21000000
20110306,2.23E+07,19000000
20110307,1.50E+07,14000000
20110308,1.05E+07,12000000
20110309,2.20E+07,21000000
20110310,2.46E+07,22000000
20110311,2.35E+07,22000000
20110312,2.12E+07,19000000
20110313,9779009.12,13000000
20110314,1.68E+07,14000000
20110315,2.20E+07,17000000
20110316,1.43E+07,18000000
20110317,2.14E+07,22000000
20110318,1.81E+07,21000000
20110319,9853549.86,15000000
20110320,1.72E+07,17000000
20110321,1.30E+07,8000000
20110322,1.81E+07,19000000
20110323,2.26E+07,25000000
20110324,2.03E+07,24000000
20110325,1.99E+07,24000000
20110326,9271056.04,11000000
20110327,1.46E+07,3000000
20110328,2.10E+07,4000000
20110329,5931161.97,4000000
20110330,1.17E+07,14000000
20110331,2.31E+07,22000000
20110401,2.57E+07,20750566.67
20110402,2.66E+07,25000000
20110403,2.42E+07,21000000
20110404,2.46E+07,24000000
20110405,2.72E+07,27000000
20110406,2.43E+07,26000000
20110407,2.08E+07,22000000
20110408,2.07E+07,21000000
20110409,2.57E+07,22000000
20110410,2.15E+07,22000000
20110411,2.70E+07,20792400
20110412,2.86E+07,28000000
20110413,2.92E+07,25000000
20110414,2.51E+07,27000000
20110415,2.35E+07,19000000
20110416,2.90E+07,25000000
20110417,2.77E+07,24000000
20110418,2.49E+07,23000000
20110419,2.53E+07,27000000
20110420,1.89E+07,11000000
20110421,8372447.505,6000000
20110422,2.29E+07,25000000
20110423,1.50E+07,4000000
20110424,8108130.135,2000000
20110425,1.42E+07,13000000
20110426,2.40E+07,22000000
20110427,1.87E+07,14000000
20110428,2.99E+07,29000000
20110429,2.63E+07,28000000
20110430,2.61E+07,29000000
20110501,8709961.645,5000000
20110502,7862256.655,16000000
20110503,2.77E+07,30000000
20110504,2.68E+07,30000000
20110505,2.76E+07,28000000
20110506,2.79E+07,29000000
20110507,2.65E+07,29000000
20110508,2.69E+07,26000000
20110509,2.73E+07,25000000
20110510,2.14E+07,12000000
20110511,1.45E+07,4000000
20110512,2.84E+07,27000000
20110513,3.05E+07,23000000
20110514,3.19E+07,30000000
20110515,2.95E+07,29000000
20110516,3.17E+07,30000000
20110517,2.97E+07,27000000
20110518,2.29E+07,28000000
20110519,1.91E+07,14000000
20110520,1.20E+07,11000000
20110521,2.88E+07,31000000
20110522,2.70E+07,30000000
20110523,2.27E+07,23000000
20110524,2.62E+07,17000000
20110525,1.85E+07,24000000
20110526,2.96E+07,29000000
20110527,2.57E+07,28000000
20110528,2.17E+07,29000000
20110529,2.62E+07,29000000
20110530,1.66E+07,19000000
20110531,1.74E+07,18000000
20110601,2.50E+07,23000000
20110602,2.94E+07,27000000
20110603,2.93E+07,29000000
20110604,3.00E+07,31000000
20110605,2.97E+07,29000000
20110606,3.09E+07,29000000
20110607,3.03E+07,29000000
20110608,3.18E+07,28000000
20110609,2.65E+07,28000000
20110610,2.10E+07,27000000
20110611,2.04E+07,27000000
20110612,2.78E+07,30000000
20110613,3.02E+07,29000000
20110614,2.79E+07,25000000
20110615,2.62E+07,30000000
20110616,2.69E+07,27000000
20110617,2.14E+07,29000000
20110618,2.97E+07,29000000
20110619,3.01E+07,29000000
20110620,2.73E+07,25000000
20110621,2.80E+07,31000000
20110622,2.75E+07,30000000
20110623,3.15E+07,30000000
20110624,2.87E+07,30000000
20110625,2.87E+07,30000000
20110626,3.04E+07,30000000
20110627,2.86E+07,24000000
20110628,2.63E+07,27000000
20110629,2.82E+07,22000000
20110630,3.08E+07,30000000
20110701,3.03E+07,29000000
20110702,2.89E+07,28000000
20110703,2.43E+07,29000000
20110704,2.46E+07,27000000
20110705,2.76E+07,28000000
20110706,2.65E+07,28000000
20110707,2.92E+07,27000000
20110708,3.01E+07,25085838.89
20110709,2.95E+07,27000000
20110710,2.74E+07,29000000
20110711,2.83E+07,29000000
20110712,2.07E+07,23000000
20110713,2.17E+07,22000000
20110714,2.48E+07,25000000
20110715,2.94E+07,26000000
20110716,3.01E+07,28000000
20110717,2.62E+07,22000000
20110718,2.77E+07,27000000
20110719,3.01E+07,27000000
20110720,2.98E+07,26733988.89
20110721,3.06E+07,27000000
20110722,2.78E+07,27000000
20110723,2.76E+07,28000000
20110724,2.75E+07,28000000
20110725,2.83E+07,27000000
20110726,2.84E+07,25000000
20110727,2.77E+07,27000000
20110728,2.85E+07,27000000
20110729,2.53E+07,25000000
20110730,2.71E+07,27000000
20110731,2.93E+07,27000000
20110801,2.90E+07,28000000
20110802,2.72E+07,28000000
20110803,2.75E+07,27000000
20110804,2.72E+07,25000000
20110805,2.84E+07,28000000
20110806,2.73E+07,27000000
20110807,2.72E+07,20000000
20110808,2.50E+07,27000000
20110809,2.65E+07,27000000
20110810,2.54E+07,24000000
20110811,1.67E+07,11000000
20110812,2.23E+07,24000000
20110813,2.30E+07,27000000
20110814,2.24E+07,26000000
20110815,2.12E+07,20000000
20110816,2.32E+07,25000000
20110817,2.42E+07,19000000
20110818,2.64E+07,26000000
20110819,2.58E+07,27000000
20110820,2.38E+07,25000000
20110821,2.37E+07,15000000
20110822,2.24E+07,25000000
20110823,2.53E+07,24000000
20110824,2.61E+07,25000000
20110825,2.46E+07,25000000
20110826,2.55E+07,27000000
20110827,1.82E+07,25000000
20110828,2.49E+07,22000000
20110829,2.38E+07,15000000
20110830,2.12E+07,19000000
20110831,2.53E+07,24000000
20110901,2.60E+07,24000000
20110902,2.56E+07,23000000
20110903,2.28E+07,24000000
20110904,1.60E+07,15000000
20110905,2.78E+07,27000000
20110906,2.54E+07,26000000
20110907,2.18E+07,20000000
20110908,2.42E+07,25000000
20110909,2.45E+07,25000000
20110910,1.75E+07,24000000
20110911,2.54E+07,24000000
20110912,2.47E+07,23000000
20110913,2.36E+07,21000000
20110914,1.58E+07,19000000
20110915,7249766.58,5000000
20110916,1.24E+07,6000000
20110917,1.36E+07,19000000
20110918,1.61E+07,22000000
20110919,2.45E+07,23000000
20110920,2.34E+07,23000000
20110921,2.23E+07,21000000
20110922,1.31E+07,8000000
20110923,2.35E+07,23000000
20110924,2.24E+07,20000000
20110925,2.16E+07,22000000
20110926,2.11E+07,22000000
20110927,2.21E+07,21000000
20110928,2.22E+07,21000000
20110929,2.20E+07,21000000
20110930,2.34E+07,22000000
20111001,2.41E+07,21000000
20111002,2.21E+07,21000000
20111003,2.08E+07,21000000
20111004,2.03E+07,20000000
20111005,1.90E+07,14000000
20111006,1.58E+07,19000000
20111007,1.01E+07,13000000
20111008,7202665.5,7000000
20111009,3842209.888,4000000
20111010,1.69E+07,18000000
20111011,1.71E+07,17000000
20111012,1.42E+07,18000000
20111013,2.10E+07,20000000
20111014,1.88E+07,14805477.78
20111015,1.89E+07,19000000
20111016,1.87E+07,19000000
20111017,1.45E+07,17000000
20111018,1.90E+07,19000000
20111019,1.96E+07,19000000
20111020,1.99E+07,18000000
20111021,1.79E+07,18000000
20111022,1.26E+07,15000000
20111023,1.82E+07,16000000
20111024,1.86E+07,18000000
20111025,1.72E+07,15000000
20111026,1.21E+07,15000000
20111027,4163369.995,2000000
20111028,1.74E+07,17000000
20111029,1.78E+07,17000000
20111030,1.66E+07,16000000
20111031,1.66E+07,17000000
20111101,1.59E+07,16000000
20111102,5019696.885,7000000
20111103,1.54E+07,17000000
20111104,1.48E+07,16000000
20111105,1.58E+07,14000000
20111106,1.21E+07,15000000
20111107,2850873.2,8000000
20111108,9967738.26,4000000
20111109,1.52E+07,14000000
20111110,1.67E+07,15000000
20111111,1.48E+07,13000000
20111112,9998251.72,12000000
20111113,1.10E+07,13000000
20111114,8030471.45,4000000
20111115,9764409.66,14000000
20111116,8661950.96,12000000
20111117,1.51E+07,15000000
20111118,1.26E+07,13000000
20111119,9757588.44,9000000
20111120,6584182.06,4000000
20111121,3883535.058,1000000
20111122,1.23E+07,7000000
20111123,1.41E+07,14000000
20111124,1.16E+07,13000000
20111125,5886614.76,3000000
20111126,4709162.97,4000000
20111127,1.43E+07,14000000
20111128,1.41E+07,13000000
20111129,1.29E+07,13000000
20111130,1.12E+07,13000000
20111201,9864345.22,11000000
20111202,3301481.925,2000000
20111203,1839472.228,3000000
20111204,3025489.238,5000000
20111205,9475021.2,3000000
20111206,1.24E+07,5000000
20111207,1.33E+07,13000000
20111208,1.24E+07,12000000
20111209,1.00E+07,11000000
20111210,1.28E+07,11000000
20111211,5653053.92,4000000
20111212,4224601.072,1000000
20111213,2145359.364,2000000
20111214,5249257.97,4000000
20111215,5007768.47,5000000
20111216,1.17E+07,12000000
20111217,1.23E+07,12000000
20111218,8755718.21,6000000
20111219,1859645.294,1000000
20111220,4166965.578,2000000
20111221,1.05E+07,12000000
20111222,5109667.12,3000000
20111223,1.26E+07,12000000
20111224,7758232.505,7000000
20111225,6750136.195,4000000
20111226,4883631.095,4000000
20111227,1.34E+07,12000000
20111228,1.28E+07,12000000
20111229,1.28E+07,12000000
20111230,1.32E+07,12000000
20111231,1.29E+07,12000000
20120101,1.32E+07,12000000
20120102,1.38E+07,13000000
20120103,1.29E+07,13000000
20120104,1.33E+07,12000000
20120105,1.37E+07,13000000
20120106,1.28E+07,13000000
20120107,1.15E+07,13000000
20120108,5319885.61,4000000
20120109,1.20E+07,4000000
20120110,5970131.65,6000000
20120111,9032788.58,12000000
20120112,1.31E+07,14000000
20120113,1.37E+07,13000000
20120114,1.36E+07,14000000
20120115,1.29E+07,9000000
20120116,8689527.96,8000000
20120117,1.14E+07,14000000
20120118,1.34E+07,12000000
20120119,1.27E+07,14000000
20120120,1.06E+07,14000000
20120121,1.11E+07,14000000
20120122,1.28E+07,11000000
20120123,1.53E+07,14000000
20120124,4801453.815,9000000
20120125,6000068.5,5000000
20120126,1.36E+07,15000000
20120127,9526436.5,14000000
20120128,1.36E+07,12000000
20120129,1.41E+07,15000000
20120130,1.55E+07,15000000
20120131,1.03E+07,15000000
20120201,1.47E+07,14000000
20120202,9796647.5,11000000
20120203,4199667.54,4000000
20120204,1.47E+07,6000000
20120205,1.47E+07,12000000
20120206,1.54E+07,16000000
20120207,7099435.415,9000000
20120208,1.26E+07,7000000
20120209,5852406.745,3000000
20120210,1.42E+07,16000000
20120211,1.60E+07,13000000
20120212,1.02E+07,6000000
20120213,4815386.195,5000000
20120214,1.32E+07,5000000
20120215,1.35E+07,15000000
20120216,1.63E+07,15000000
20120217,8745301.625,7000000
20120218,2656012.265,1000000
20120219,1.69E+07,16000000
20120220,7710503.585,9000000
20120221,1.84E+07,19000000
20120222,1.82E+07,18000000
20120223,1.49E+07,19000000
20120224,1.89E+07,20000000
20120225,1.89E+07,20000000
20120226,2.08E+07,20000000
20120227,6707796.78,6000000
20120228,4826932.565,6000000
20120229,1.98E+07,21000000
20120301,2.14E+07,20000000
20120302,1.64E+07,20000000
20120303,2.33E+07,21000000
20120304,2.25E+07,21000000
20120305,2.26E+07,21000000
20120306,2.13E+07,15000000
20120307,1.20E+07,15000000
20120308,3355681.085,3000000
20120309,1.91E+07,21000000
20120310,8059332.47,6000000
20120311,1.62E+07,14000000
20120312,2.29E+07,23000000
20120313,2.23E+07,20000000
20120314,1.58E+07,9000000
20120315,1.55E+07,17000000
20120316,1.26E+07,11000000
20120317,1.14E+07,15000000
20120318,6062369.63,7000000
20120319,9029878.825,1000000
20120320,1.07E+07,15000000
20120321,8000723.715,12000000
20120322,7713829.175,12000000
20120323,2.02E+07,24000000
20120324,2.38E+07,24000000
20120325,2.28E+07,24000000
20120326,2.10E+07,23000000
20120327,1.25E+07,16000000
20120328,1.59E+07,20000000
20120329,1.77E+07,19000000
20120330,1.34E+07,20000000
20120331,2.16E+07,19000000
20120401,2.47E+07,25000000
20120402,1.80E+07,24000000
20120403,5846872.27,4000000
20120404,2.25E+07,21000000
20120405,1.79E+07,21000000
20120406,2.04E+07,21000000
20120407,1.02E+07,11000000
20120408,1.08E+07,5000000
20120409,1.70E+07,12000000
20120410,1.35E+07,22000000
20120411,1.16E+07,22000000
20120412,1.05E+07,13000000
20120413,9809470.26,5000000
20120414,1.32E+07,12000000
20120415,2.44E+07,23000000
20120416,2.97E+07,28000000
20120417,2.56E+07,28000000
20120418,2.84E+07,27000000
20120419,2.53E+07,24000000
20120420,2.32E+07,21000000
20120421,2.85E+07,28000000
20120422,2.87E+07,28000000
20120423,2.63E+07,29000000
20120424,2.62E+07,28000000
20120425,2.36E+07,28000000
20120426,2.07E+07,21000000
20120427,2.60E+07,27000000
20120428,1.58E+07,18000000
20120429,1.12E+07,11000000
20120430,1.46E+07,23000000
20120501,1.80E+07,26000000
20120502,1.92E+07,24000000
20120503,2.23E+07,27000000
20120504,2.06E+07,16000000
20120505,2.25E+07,27000000
20120506,1.55E+07,17000000
20120507,1.18E+07,7000000
20120508,1.12E+07,20000000
20120509,3.09E+07,30000000
20120510,2.54E+07,27000000
20120511,8290061.49,3000000
20120512,1.48E+07,12000000
20120513,2.12E+07,28000000
20120514,1.92E+07,21857805.56
20120515,2.96E+07,22361450
20120516,3.14E+07,30000000
20120517,3.11E+07,29000000
20120518,2.93E+07,29000000
20120519,2.40E+07,23000000
20120520,1.87E+07,12000000
20120521,2.43E+07,22000000
20120522,2.51E+07,27000000
20120523,2.86E+07,29000000
20120524,2.14E+07,26000000
20120525,1.84E+07,27000000
20120526,2.20E+07,24000000
20120527,2.62E+07,24000000
20120528,2.10E+07,26000000
20120529,2.14E+07,28000000
20120530,1.73E+07,22000000
20120531,1.74E+07,24536216.67
20120601,1.83E+07,20000000
20120602,1.94E+07,26000000
20120603,2.71E+07,22000000
20120604,2.22E+07,21000000
20120605,1.60E+07,19000000
20120606,1.23E+07,4000000
20120607,1.15E+07,12000000
20120608,2.77E+07,29000000
20120609,2.70E+07,27000000
20120610,2.41E+07,25000000
20120611,2.57E+07,23000000
20120612,1.84E+07,17000000
20120613,1.81E+07,17000000
20120614,2.28E+07,27000000
20120615,2.13E+07,22000000
20120616,2.35E+07,22000000
20120617,1.66E+07,24000000
20120618,2.69E+07,29000000
20120619,2.55E+07,26000000
20120620,2.04E+07,22000000
20120621,1.67E+07,8000000
20120622,1.67E+07,25000000
20120623,3.08E+07,28000000
20120624,3.16E+07,29000000
20120625,3.04E+07,28000000
20120626,2.68E+07,28000000
20120627,2.99E+07,28000000
20120628,2.89E+07,28000000
20120629,2.76E+07,29000000
20120630,2.87E+07,29000000
20120701,2.97E+07,26000000
20120702,2.32E+07,23000000
20120703,2.55E+07,26000000
20120704,2.79E+07,28000000
20120705,2.90E+07,27000000
20120706,2.98E+07,28000000
20120707,2.66E+07,28000000
20120708,2.86E+07,25000000
20120709,1.90E+07,22000000
20120710,2.00E+07,13000000
20120711,1.97E+07,24000000
20120712,2.13E+07,25000000
20120713,2.75E+07,28000000
20120714,2.78E+07,28000000
20120715,2.76E+07,25000000
20120716,2.81E+07,27000000
20120717,3.05E+07,27000000
20120718,3.10E+07,27000000
20120719,3.07E+07,27000000
20120720,2.98E+07,25000000
20120721,2.91E+07,28000000
20120722,2.91E+07,27000000
20120723,2.72E+07,26000000
20120724,2.93E+07,26000000
20120725,2.99E+07,26000000
20120726,2.38E+07,17000000
20120727,2.36E+07,25000000
20120728,2.78E+07,27000000
20120729,2.92E+07,25000000
20120730,2.64E+07,25000000
20120731,2.84E+07,27000000
20120801,2.74E+07,27000000
20120802,2.94E+07,24991850
20120803,2.83E+07,27000000
20120804,2.72E+07,27000000
20120805,2.38E+07,24000000
20120806,2.57E+07,22000000
20120807,2.44E+07,22000000
20120808,2.24E+07,26000000
20120809,2.81E+07,26000000
20120810,2.74E+07,25000000
20120811,2.61E+07,25000000
20120812,2.40E+07,22000000
20120813,2.61E+07,26000000
20120814,1.62E+07,14000000
20120815,2.32E+07,24000000
20120816,2.06E+07,12000000
20120817,1.60E+07,23000000
20120818,1.27E+07,8000000
20120819,2.59E+07,25000000
20120820,2.59E+07,25000000
20120821,1.61E+07,23000000
20120822,1.82E+07,22000000
20120823,2.33E+07,19000000
20120824,1.59E+07,11000000
20120825,2.05E+07,18000000
20120826,1.73E+07,22000000
20120827,1.95E+07,24000000
20120828,2.51E+07,24000000
20120829,2.80E+07,25000000
20120830,2.29E+07,24000000
20120831,2.17E+07,22000000
20120901,2.57E+07,24000000
20120902,2.06E+07,21000000
20120903,1.95E+07,22000000
20120904,1.74E+07,21000000
20120905,2.10E+07,16000000
20120906,2.34E+07,21000000
20120907,1.90E+07,20000000
20120908,2.35E+07,24000000
20120909,2.46E+07,24000000
20120910,2.51E+07,23000000
20120911,2.54E+07,23000000
20120912,2.39E+07,22000000
20120913,8050020.055,3000000
20120914,6228935.8,4000000
20120915,1.85E+07,7000000
20120916,1.74E+07,14000000
20120917,1.76E+07,18000000
20120918,2.28E+07,22000000
20120919,2.38E+07,21000000
20120920,2.33E+07,20000000
20120921,1.97E+07,17639227.78
20120922,2.33E+07,20000000
20120923,2.13E+07,17000000
20120924,2.20E+07,17000000
20120925,2.06E+07,20000000
20120926,2.18E+07,18000000
20120927,1.15E+07,5000000
20120928,8343528.715,6000000
20120929,6787105.725,2000000
20120930,1.56E+07,6000000
20121001,2.03E+07,18000000
20121002,2.10E+07,18000000
20121003,1.92E+07,19000000
20121004,1.39E+07,4000000
20121005,1.46E+07,6000000
20121006,7508753.305,3000000
20121007,7843811.13,12000000
20121008,2.07E+07,19000000
20121009,1.69E+07,18000000
20121010,1.20E+07,5000000
20121011,1.29E+07,8000000
20121012,7447127.43,10000000
20121013,5583838.92,5000000
20121014,1.88E+07,18000000
20121015,1.68E+07,18000000
20121016,1.65E+07,17000000
20121017,1.65E+07,17000000
20121018,1.97E+07,18000000
20121019,1.97E+07,18000000
20121020,1.96E+07,17000000
20121021,1.53E+07,16000000
20121022,7411940.05,8000000
20121023,1.47E+07,12000000
20121024,9094203.54,5000000
20121025,1.09E+07,12000000
20121026,1.68E+07,15000000
20121027,1.78E+07,16000000
20121028,1.75E+07,16000000
20121029,1.70E+07,16000000
20121030,1.39E+07,15000000
20121031,1.38E+07,15000000
20121101,1.58E+07,11606505.56
20121102,1.51E+07,15000000
20121103,9243677.42,14000000
20121104,1.38E+07,15000000
20121105,1.47E+07,13000000
20121106,1.52E+07,14000000
20121107,1.64E+07,14000000
20121108,1.54E+07,13000000
20121109,1.38E+07,13000000
20121110,9155162.88,9000000
20121111,1.15E+07,6000000
20121112,1.62E+07,14000000
20121113,1.37E+07,14000000
20121114,1.41E+07,14000000
20121115,1.34E+07,13000000
20121116,1.54E+07,13000000
20121117,1.35E+07,13000000
20121118,7260319.96,10000000
20121119,1.26E+07,12000000
20121120,1.39E+07,12000000
20121121,1.37E+07,12000000
20121122,7807729.95,8863938.889
20121123,1.35E+07,9745105.556
20121124,1.34E+07,9449438.889
20121125,1.30E+07,10074566.67
20121126,7771477.095,10323788.89
20121127,1.42E+07,10679972.22
20121128,1.41E+07,10615183.33
20121129,1.26E+07,8882427.778
20121130,7610182.71,9933616.667
